"Date","VMName","UsedDiskSpaceGB","HardDiskCount","HardDiskData","TotalDiskSpaceGB","ProvisionedSpaceGB"
"Sunday August 15","Sap Router","24.08","1","HD#1: 20 GB","20","24.081058395095169544219970703"
"Sunday August 15","Solex-demo-ectr","584.70","6","HD#1: 70 GB, HD#2: 250 GB, HD#3: 40 GB, HD#4: 20 GB, HD#5: 20 GB, HD#6: 450 GB","850","850.1021830886602401733398438"
"Sunday August 15","Cloud Connector","24.08","1","HD#1: 20 GB","20","24.081348932348191738128662109"
"Sunday August 15","SOLEX-SOLMAN-JAVA","123.07","1","HD#1: 300 GB","300","332.06111495010554790496826172"
"Sunday August 15","test sophos","165.12","1","HD#1: 200 GB","200","208.08608872815966606140136718"
"Sunday August 15","ALFA-DAXRPT-COPY","324.80","1","HD#1: 650 GB","650","845.6054955199360847473144531"
"Sunday August 15","Jump-server-Abdo","160.77","1","HD#1: 500 GB","500","516.08656647149473428726196289"
"Sunday August 15","Mis-SAP-H-DB","1700.50","3","HD#1: 2500 GB, HD#2: 1843.20 GB, HD#3: 1843.20 GB","6186.4","6536.5381363537162542343139648"
"Sunday August 15","MISR-TSMS","55.32","1","HD#1: 60 GB","60","68.085942786186933517456054688"
"Sunday August 15","Jump-Server-Moataz","27.45","1","HD#1: 100 GB","100","116.08619790244847536087036133"
"Sunday August 15","Mis-Prod-APP-copy","441.32","3","HD#1: 100 GB, HD#2: 200 GB, HD#3: 1748 GB","2048","2336.3965294435620307922363281"
"Sunday August 15","Misr-ERPPRDDB","1959.35","1","HD#1: 3072 GB","3072","3914.3841119417920708656311036"
"Sunday August 15","RADUIS-Server","30.80","1","HD#1: 100 GB","100","108.08699773810803890228271484"
"Sunday August 15","Mis-CAR-PRD APP Server","95.36","1","HD#1: 2048 GB","2048","2080.0944576468318700790405274"
"Sunday August 15","frank-d35","4434.91","6","HD#1: 200 GB, HD#2: 2048 GB, HD#3: 2048 GB, HD#4: 2048 GB, HD#5: 2048 GB, HD#6: 200 GB","8592","8616.094212453812360763549805"
"Sunday August 15","sofos_virtual_vm8","15.96","2","HD#1: 16 GB, HD#2: 80 GB","96","100.07935069873929023742675781"
"Sunday August 15","el batal crm","146.37","1","HD#1: 340 GB","340","454.24749981798231601715087890"
"Sunday August 15","AWS-SMS-Connector","299.00","5","HD#1: 16 GB, HD#2: 8 GB, HD#3: 4 GB, HD#4: 250 GB, HD#5: 21.00 GB","299","301.19339371100068092346191406"
"Sunday August 15","Mis-Manage","59.64","2","HD#1: 50 GB, HD#2: 500 GB","550","554.08085342682898044586181641"
"Sunday August 15","MIS-CRM-PRD APP Server","426.32","3","HD#1: 1700 GB, HD#2: 100 GB, HD#3: 200 GB","2000","2096.1413507359102368354797363"
"Sunday August 15","VMware vCenter Server Appliance 6.7-Witness","31.13","13","HD#1: 12 GB, HD#2: 1.66 GB, HD#3: 50 GB, HD#4: 100 GB, HD#5: 25 GB, HD#6: 50 GB, HD#7: 25 GB, HD#8: 500 GB, HD#9: 10 GB, HD#10: 25 GB, HD#11: 25 GB, HD#12: 100 GB, HD#13: 200 GB","1123.66","1123.7382860463112592697143555"
"Sunday August 15","S/4HANA1909&HANA2","1274.11","2","HD#1: 200 GB, HD#2: 774 GB","974","1274.1065383385866880416870118"
"Sunday August 15","centos-kibana","14.16","1","HD#1: 500 GB","500","508.08479174505919218063354493"
"Sunday August 15","EU1FE3113","213.47","1","HD#1: 500 GB","500","532.09505842532962560653686523"
"Sunday August 15","ERP-DEV-sQmN","65.66","1","HD#1: 300 GB","300","324.21219908073544502258300781"
"Sunday August 15","EU1FE9333","184.81","2","HD#1: 500 GB, HD#2: 500 GB","1000","1032.0938455695286393165588379"
"Sunday August 15","Frank-ADC-02","38.66","1","HD#1: 100 GB","100","116.08667065668851137161254883"
"Sunday August 15","WorldPosta-WebSite","13.23","1","HD#1: 200 GB","200","216.19734254851937294006347656"
"Sunday August 15","tiba group","27.44","1","HD#1: 500 GB","500","516.09355040453374385833740235"
"Sunday August 15","EU1FE3110","213.54","1","HD#1: 500 GB","500","532.09493199456483125686645508"
"Sunday August 15","frank-veeamone","45.56","1","HD#1: 200 GB","200","220.09334153961390256881713867"
"Sunday August 15","Jump-Nada","43.32","1","HD#1: 200 GB","200","208.08656566590070724487304687"
"Sunday August 15","Jump-Server-MAli","34.88","1","HD#1: 100 GB","100","116.08635792229324579238891602"
"Sunday August 15","temp-v","200.00","1","HD#1: 200 GB","200","208.21226718183606863021850586"
"Sunday August 15","Frank-KSE-SQL","66.51","1","HD#1: 250 GB","250","266.08639934752136468887329102"
"Sunday August 15","shared iso","13.52","1","HD#1: 300 GB","300","308.21294178161770105361938476"
"Sunday August 15","Jump-Server-Karim","182.04","1","HD#1: 700 GB","700","716.08673476707190275192260742"
"Sunday August 15","Misr-e-commerce","158.09","1","HD#1: 150 GB","150","158.08582243323326110839843750"
"Sunday August 15","EU1FE9111","176.33","2","HD#1: 500 GB, HD#2: 500 GB","1000","1032.0919156214222311973571778"
"Sunday August 15","Misr-CARPRDDB","2216.14","2","HD#1: 10 GB, HD#2: 1800 GB","1810","2216.1421101447194814682006836"
"Sunday August 15","Developers-VM6-Copy","32.71","1","HD#1: 500 GB","500","516.19584958162158727645874024"
"Sunday August 15","EU1FE9444","189.46","2","HD#1: 500 GB, HD#2: 500 GB","1000","1032.0940748974680900573730469"
"Sunday August 15","Frank-PST-New01","6664.71","3","HD#1: 150 GB, HD#2: 2048 GB, HD#3: 5120 GB","7318","7334.0866597546264529228210449"
"Sunday August 15","EU1FE3111","215.39","1","HD#1: 500 GB","500","532.09506524074822664260864258"
"Sunday August 15","MISR-IVENDMC2","60.58","1","HD#1: 100 GB","100","116.09054074995219707489013672"
"Sunday August 15","vcenter-clone","183.25","13","HD#1: 12 GB, HD#2: 1.66 GB, HD#3: 50 GB, HD#4: 100 GB, HD#5: 25 GB, HD#6: 50 GB, HD#7: 25 GB, HD#8: 500 GB, HD#9: 10 GB, HD#10: 25 GB, HD#11: 25 GB, HD#12: 100 GB, HD#13: 200 GB","1123.66","1171.8930752556771039962768555"
"Sunday August 15","jump-hamd","17.66","1","HD#1: 300 GB","300","308.08478062693029642105102539"
"Sunday August 15","jump-wahba","35.83","1","HD#1: 100 GB","100","116.08659807965159416198730469"
"Sunday August 15","jump-eslam","67.94","1","HD#1: 300 GB","300","308.08624453283846378326416015"
"Sunday August 15","EventLog-Analyzer","21.13","1","HD#1: 500 GB","500","508.21374978311359882354736328"
"Sunday August 15","Mis-ERP DEV-PRD APP Server","765.39","2","HD#1: 100 GB, HD#2: 1900 GB","2000","2750.0885570086538791656494140"
"Sunday August 15","Sama","20.74","1","HD#1: 200 GB","200","208.08607316575944423675537110"
"Sunday August 15","Frank-ADC-03","38.85","1","HD#1: 100 GB","100","116.08657197840511798858642578"
"Sunday August 15","MIS-CRM-PRD DB Server","627.80","3","HD#1: 100 GB, HD#2: 200 GB, HD#3: 1700 GB","2000","2192.1419386453926563262939453"
"Sunday August 15","nextcloud-nfs","4.29","1","HD#1: 500 GB","500","508.21238687727600336074829102"
"Sunday August 15","Misr-Web Server-copy","51.23","1","HD#1: 80 GB","80","84.08270747400820255279541016"
"Sunday August 15","WP-Messanger-DB-WIN .72","31.28","1","HD#1: 500 GB","500","510.21776332240551710128784180"
"Sunday August 15","jump-gabr","216.09","1","HD#1: 200 GB","200","216.08684168476611375808715820"
"Sunday August 15","infected ihpgco Kuwait Windows (ransomware)","69.67","1","HD#1: 250 GB","250","254.21037761401385068893432617"
"Sunday August 15","MISR-CARQASAPP","198.97","1","HD#1: 1024 GB","1024","1160.1299760760739445686340332"
"Sunday August 15","Frank-MBX","75.81","1","HD#1: 100 GB","100","132.09107118193060159683227539"
"Sunday August 15","Misr-Newvm","47.13","1","HD#1: 100 GB","100","108.08210677932947874069213867"
"Sunday August 15","Misr-SQL-Instance","808.86","1","HD#1: 1024 GB","1024","1280.1478625778108835220336914"
"Sunday August 15","Office Libre-Production New 1104","34.13","1","HD#1: 160 GB","160","195.18874401971697807312011719"
"Sunday August 15","Mis-Backup","2102.03","2","HD#1: 60 GB, HD#2: 3072 GB","3132","3140.0979110468178987503051758"
"Sunday August 15","esxi2","63.19","1","HD#1: 1000 GB","1000","1016.0929236616939306259155274"
"Sunday August 15","FortiGate","32.00","2","HD#1: 2 GB, HD#2: 30 GB","32","34.191491521894931793212890625"
"Sunday August 15","WP-Syslog-New","20.90","1","HD#1: 1024 GB","1024","1040.2139664553105831146240235"
"Sunday August 15","Identity Server-Dev","25.64","1","HD#1: 100 GB","100","106.21060530375689268112182617"
"Sunday August 15","Real-ip","13.79","1","HD#1: 100 GB","100","116.21298116911202669143676757"
"Sunday August 15","Frank-RODC-01","43.61","1","HD#1: 100 GB","100","116.08674169331789016723632812"
"Sunday August 15","SQL-Server-Solid","215.65","2","HD#1: 450 GB, HD#2: 300 GB","750","768.09518299903720617294311524"
"Sunday August 15","J-S-Hamd","10.41","1","HD#1: 100 GB","100","116.21309081837534904479980469"
"Sunday August 15","HAProxy","7.84","1","HD#1: 300 GB","300","323.91443652287125587463378907"
"Sunday August 15","EU100S602","50.64","1","HD#1: 200 GB","200","216.08608061354607343673706055"
"Sunday August 15","sandbox","19.93","1","HD#1: 300 GB","300","316.21816515736281871795654296"
"Sunday August 15","Mis-Winsows2012R2","865.02","4","HD#1: 150 GB, HD#2: 200 GB, HD#3: 700 GB, HD#4: 2048 GB","3098","3188.1206040363758802413940430"
"Sunday August 15","WP-Frank-Database3","400.00","1","HD#1: 400 GB","400","416.21424897480756044387817383"
"Sunday August 15","NFS-NEXTCLOUD-01","5.14","1","HD#1: 500 GB","500","508.21346822753548622131347656"
"Sunday August 15","MISR-SAP-CARDB-copy","1013.90","1","HD#1: 2048 GB","2048","2176.1419390020892024040222168"
"Sunday August 15","ihpgco Kuwait Windows - Backup(new)","162.60","1","HD#1: 250 GB","250","254.08276694454252719879150390"
"Sunday August 15","SolarWind-SAM","127.75","2","HD#1: 100 GB, HD#2: 200 GB","300","431.42869572713971138000488282"
"Sunday August 15","jump-ahmed","55.87","1","HD#1: 500 GB","500","508.08642965741455554962158203"
"Sunday August 15","Misr-ERPDEVDB","1648.95","1","HD#1: 2355.20 GB","2355.2","2925.3761369446292519569396972"
"Sunday August 15","Frank-ADC-01","39.05","1","HD#1: 100 GB","100","116.08646888285875320434570312"
"Sunday August 15","Misr-Tableau","119.37","1","HD#1: 150 GB","150","166.08620600029826164245605468"
"Sunday August 15","WP-RootCA","60.56","1","HD#1: 100 GB","100","146.38405177928507328033447266"
"Sunday August 15","MISR-NFS","11735.62","2","HD#1: 50 GB, HD#2: 13312 GB","13362","13366.085850878618657588958740"
"Sunday August 15","Frank-DNS-MGMNT","50.66","2","HD#1: 100 GB, HD#2: 50 GB","150","166.08798870258033275604248047"
"Sunday August 15","Mis-Additioanal Domain","23.68","1","HD#1: 50 GB","50","54.082172025926411151885986328"
"Sunday August 15","Misr-Qatr","185.75","1","HD#1: 500 GB","500","655.92287573870271444320678711"
"Sunday August 15","Frank-Kbase-Source","298.29","2","HD#1: 100 GB, HD#2: 1024 GB","1124","1140.0864388495683670043945312"
"Sunday August 15","Misr-MTBIDEVAPP","216.76","2","HD#1: 500 GB, HD#2: 10 GB","510","719.04416272323578596115112304"
"Sunday August 15","Frank-MBM-D36","248.42","2","HD#1: 200 GB, HD#2: 200 GB","400","424.09423045534640550613403321"
"Sunday August 15","esxi1","29.42","1","HD#1: 400 GB","400","420.09351038094609975814819336"
"Sunday August 15","Frank-tools01.Roaya.loc_replica","70.95","1","HD#1: 500.00 GB","500","596.15814807917922735214233399"
"Sunday August 15","Frank-OfficeOnline01","148.11","1","HD#1: 100 GB","100","217.07301456760615110397338867"
"Sunday August 15","WP-Messanger-Centos .73-copy","23.68","1","HD#1: 1024 GB","1024","1032.2136428141966462135314942"
"Sunday August 15","J-S-Peter","116.09","1","HD#1: 100 GB","100","116.08654901944100856781005859"
"Sunday August 15","MISR-SAP-CARAPP","115.99","1","HD#1: 2048 GB","2048","2112.1021951735019683837890625"
"Sunday August 15","SQL-Server-Solid2","292.19","2","HD#1: 400 GB, HD#2: 300 GB","700","720.09056840185075998306274414"
"Sunday August 15","Frank-OfficeOnline02","107.49","1","HD#1: 100 GB","100","179.63227310311049222946166992"
"Sunday August 15","Frank-Wsus-new","323.16","2","HD#1: 80 GB, HD#2: 500 GB","580","600.08624971378594636917114258"
"Sunday August 15","Frank-EventLog","3093.49","1","HD#1: 4024 GB","4024","4032.0863992748782038688659668"
"Sunday August 15","DAXRDS-yhsv-Copy","144.14","1","HD#1: 250 GB","250","367.95273408479988574981689453"
"Sunday August 15","Mis-Solman Server","627.02","3","HD#1: 100 GB, HD#2: 200 GB, HD#3: 1800 GB","2100","2132.0944310370832681655883789"
"Sunday August 15","Misr-CARPRDAPP","974.11","2","HD#1: 10 GB, HD#2: 800 GB","810","974.1141331279650330543518067"
"Sunday August 15","EU1FE3112","220.86","1","HD#1: 500 GB","500","532.09547806158661842346191406"
"Sunday August 15","EU1FE9222","691.79","2","HD#1: 500 GB, HD#2: 500 GB","1000","1032.0903620319440960884094238"
"Sunday August 15","Misr-ENTERPRISESRV","1074.11","1","HD#1: 1024 GB","1024","1074.1113719493150711059570312"
"Sunday August 15","Frank-Trend2019-DEV","47.08","1","HD#1: 500 GB","500","508.21393117867410182952880860"
"Sunday August 15","EU1OOS601","29.65","1","HD#1: 200 GB","200","216.08606984838843345642089844"
"Sunday August 15","next-cloud-NFS-server","56.95","1","HD#1: 500 GB","500","552.46207548957318067550659179"
"Sunday August 15","Mis-CAR-PRD DB Server","1350.03","1","HD#1: 2048 GB","2048","2176.1419944819062948226928711"
"Sunday August 15","PowerEye","34.87","1","HD#1: 100 GB","100","108.08633858989924192428588867"
"Sunday August 15","centos-block-storage","14354.21","2","HD#1: 500 GB, HD#2: 14336 GB","14836","14848.088196247816085815429687"
"Sunday August 15","MISR-MTBIDEVDB","1910.60","2","HD#1: 1300 GB, HD#2: 10 GB","1310","2176.2145227454602718353271484"
"Sunday August 15","vROps-Tenant-App-for-vCD-2.3.0.33067-14826907","20.62","3","HD#1: 12 GB, HD#2: 60 GB, HD#3: 15 GB","87","95.08141239546239376068115234"
"Sunday August 15","MISR-CARQASDB","905.39","1","HD#1: 2048 GB","2048","2168.1377337677404284477233886"
"Sunday August 15","Frank-ADC-04","39.92","1","HD#1: 100 GB","100","116.08604429103434085845947266"
"Sunday August 15","Mis-ERP DEV-PRD DB Server","741.26","3","HD#1: 150 GB, HD#2: 200 GB, HD#3: 2048 GB","2398","2960.1195084564387798309326172"
"Sunday August 15","Misr-ERPQASDB","3718.82","1","HD#1: 3072 GB","3072","6696.7742093401029706001281738"
"Sunday August 15","Misr-PIPRD","2070.11","2","HD#1: 10 GB, HD#2: 1900 GB","1910","2070.1099101528525352478027343"
"Sunday August 15","WP-OdOO","14.77","1","HD#1: 200 GB","200","202.19734862167388200759887695"
"Sunday August 15","VMware vCenter Server Appliance 6.7-Passive","339.92","13","HD#1: 12 GB, HD#2: 1.66 GB, HD#3: 50 GB, HD#4: 100 GB, HD#5: 25 GB, HD#6: 50 GB, HD#7: 25 GB, HD#8: 500 GB, HD#9: 10 GB, HD#10: 25 GB, HD#11: 25 GB, HD#12: 100 GB, HD#13: 200 GB","1123.66","1386.9523336896672844886779785"
"Sunday August 15","Frank-OpenManage_Integration","85.98","1","HD#1: 85.98 GB","85.98","94.27992169093340635299682618"
"Sunday August 15","Frank-SQL-2019","408.09","1","HD#1: 400 GB","400","408.08638503402471542358398438"
"Sunday August 15","Diyaa-LAB","666.09","1","HD#1: 650 GB","650","666.08641309197992086410522461"
"Sunday August 15","replaymanager","240.10","3","HD#1: 40 GB, HD#2: 200 GB, HD#3: 300 GB","540","552.22227023448795080184936524"
"Sunday August 15","Jump-Server-Tawfik","79.22","1","HD#1: 100 GB","100","120.09411682933568954467773438"
"Sunday August 15","EX-04","728.10","1","HD#1: 600 GB","600","728.10271050781011581420898437"
"Sunday August 15","Frank-DC02","172.09","1","HD#1: 140 GB","140","172.09433576837182044982910157"
"Sunday August 15","Exchange-DEV","520.19","2","HD#1: 500 GB, HD#2: 150 GB","650","670.09446524456143379211425781"
"Sunday August 15","Misr-Router-02","43.92","1","HD#1: 60 GB","60","80.09760561585426330566406250"
"Sunday August 15","VMware vCenter Server Appliance 6.7","45.37","13","HD#1: 12 GB, HD#2: 1.66 GB, HD#3: 50 GB, HD#4: 100 GB, HD#5: 25 GB, HD#6: 50 GB, HD#7: 25 GB, HD#8: 500 GB, HD#9: 10 GB, HD#10: 25 GB, HD#11: 25 GB, HD#12: 100 GB, HD#13: 200 GB","1123.66","1171.8949870066717267036437989"
"Sunday August 15","VMware-NSX-Manager","60.09","1","HD#1: 60 GB","60","60.085434809327125549316406250"
"Sunday August 15","Mis-CRM QAS & Dev DB Server","594.20","1","HD#1: 2048 GB","2048","2240.1410700259730219841003418"
"Sunday August 15","VMware_vCloud_Director-10.0.0.4649-15450333","213.00","3","HD#1: 30 GB, HD#2: 2 GB, HD#3: 80 GB","112","272.10163609962910413742065429"
"Sunday August 15","Misr-Router-01","76.09","1","HD#1: 60 GB","60","76.093451174907386302947998047"
"Sunday August 15","Elbassiouni WebSite Production","124.76","1","HD#1: 100 GB","100","212.04100122302770614624023437"
"Sunday August 15","md-masterbatch-website","42.55","1","HD#1: 100 GB","100","128.63478539511561393737792969"
"Sunday August 15","joy&roy","45.83","1","HD#1: 220 GB","220","236.20298804249614477157592774"
"Sunday August 15","elbassiony-Copy","475.39","2","HD#1: 200 GB, HD#2: 200 GB","400","830.8031563963741064071655273"
"Sunday August 15","Ceramica-Cleoptra","74.86","1","HD#1: 180 GB","180","244.69523755460977554321289063"
"Sunday August 15","Frank-IMSVA-Child-01","602.42","1","HD#1: 500 GB","500","1032.0908507406711578369140625"
"Sunday August 15","WorldPosta Website 02","316.09","1","HD#1: 300 GB","300","316.08525541424751281738281250"
"Sunday August 15","MyCloud-AppLaunchPad","23.85","1","HD#1: 100 GB","100","116.08555716369301080703735352"
"Sunday August 15","Router-01","180.10","1","HD#1: 150 GB","150","180.10129112657159566879272461"
"Sunday August 15","Frank-IMSVA-Child-03","579.55","1","HD#1: 500 GB","500","1032.0869103064760565757751465"
"Sunday August 15","ubuntu-dev","25.78","1","HD#1: 200 GB","200","208.08585829567164182662963867"
"Sunday August 15","WorldPosta WebSite","57.34","1","HD#1: 300 GB","300","316.08568900171667337417602539"
"Sunday August 15","Router-02","37.87","1","HD#1: 150 GB","150","170.09369380958378314971923828"
"Sunday August 15","Frank-NSX-Controller-01-NSX-controller-1","28.09","1","HD#1: 28 GB","28","28.085344853810966014862060547"
"Sunday August 15","Frank-IMSVA-Child-04","563.77","1","HD#1: 500 GB","500","1032.0869435640051960945129394"
"Sunday August 15","MinIO","130.59","1","HD#1: 1024 GB","1024","1149.9924612725153565406799317"
"Sunday August 15","Frank-PA-02","140.10","1","HD#1: 100 GB","100","140.09752190206199884414672851"
"Sunday August 15","NextCloud 31-1-2021","516.09","1","HD#1: 500 GB","500","516.08580446150153875350952148"
"Sunday August 15","dev-ubuntu-21","27.99","1","HD#1: 500 GB","500","508.08578887209296226501464844"
"Sunday August 15","Gabr-Kali-Server","200.00","1","HD#1: 200 GB","200","216.21359831467270851135253906"
"Sunday August 15","Frank-IMSVA-Child-02","605.44","1","HD#1: 500 GB","500","1032.0869140839204192161560059"
"Sunday August 15","centos-Backup-vcenter","43.30","1","HD#1: 500 GB","500","512.30112794693559408187866211"
"Sunday August 15","DSITV-06.00.00.165","18.08","1","HD#1: 10 GB","10","18.081846422515809535980224609"
"Sunday August 15","WP-Coturn-Videostreaming","16.93","1","HD#1: 160 GB","160","164.08576870989054441452026367"
"Sunday August 15","MyCloud-AMQP","22.52","1","HD#1: 100 GB","100","116.08553489949554204940795898"
"Sunday August 15","Frank-NSX-Controller-03-NSX-controller-3","28.09","1","HD#1: 28 GB","28","28.085345529019832611083984375"
"Sunday August 15","Frank-NSX-Controller-02-NSX-controller-2","28.09","1","HD#1: 28 GB","28","28.085345984436571598052978515"
"Sunday August 15","Frank-PA-01","87.87","1","HD#1: 150 GB","150","190.09719721972942352294921875"
"Sunday August 15","DSMBuildVM-20","19.36","3","HD#1: 15 GB, HD#2: 15 GB, HD#3: 20 GB","50","58.081971974112093448638916016"
"Sunday August 15","MyCloud-NFS","218.79","2","HD#1: 100 GB, HD#2: 500 GB","600","616.09341620746999979019165039"
"Sunday August 15","Frank-IMSVA-Parent 1022021","516.09","1","HD#1: 500 GB","500","516.08576887473464012145996094"
"Sunday August 15","Roaya WebSite","167.57","1","HD#1: 100 GB","100","266.25555832125246524810791015"
"Sunday August 15","Dell-EMC-01","18.08","1","HD#1: 10 GB","10","18.081827307119965553283691406"
"Sunday August 15","Frank-Tools","18.27","1","HD#1: 100 GB","100","125.22184192575514316558837891"
"Sunday August 15","nextcloud-dev-new-production","532.86","1","HD#1: 500 GB","500","1015.9937616204842925071716309"
"Sunday August 15","frank-Migr.Roaya.loc","76.79","1","HD#1: 127.00 GB","127","191.43690973892807960510253906"
"Sunday August 15","Frank-MBX02 - Clone 12-6-2020","374.10","1","HD#1: 570 GB","570","655.09890443645417690277099609"
"Sunday August 15","Developers-VM8-jTLN","56.82","1","HD#1: 300 GB","300","341.63942447584122419357299804"
"Sunday August 15","Solid-CP-DB-copy-13","488.84","1","HD#1: 600 GB","600","925.0387881267815828323364258"
"Sunday August 15","Nextcloud-Ubuntu-Prodaction-FromSnap","16617.95","3","HD#1: 100 GB, HD#2: 500 GB, HD#3: 20000 GB","20600","35037.243742854334414005279541"
"Sunday August 15","WP-Syslog","172.20","1","HD#1: 1024 GB","1024","1024.0861992510035634040832520"
"Sunday August 15","Developers-VM9-g6uv","569.11","1","HD#1: 500 GB","500","1056.8106147190555930137634277"
"Sunday August 15","Developers-VM6-Q6b7","574.24","1","HD#1: 500 GB","500","1055.2632108246907591819763184"
"Sunday August 15","Frank-tools01.Roaya.loc","91.05","1","HD#1: 500.00 GB","500","525.19452320970594882965087890"
"Sunday August 15","vse-IGI (71406d74-8aa6-4f9d-8b98-4703ec25c2c6)-0","1.40","2","HD#1: 0.57 GB, HD#2: 0.5 GB","1.07","1.3986888416111469268798828124"
"Sunday August 15","vse-el bassiony (27dff168-a339-48b9-90af-c7f34c7d2f47)-0","1.40","2","HD#1: 0.57 GB, HD#2: 0.5 GB","1.07","1.3989372290670871734619140624"
"Sunday August 15","vse-Soltech-ksa (c52e258d-5e30-4449-9421-c4335ab42bc6)-0","1.40","2","HD#1: 0.57 GB, HD#2: 0.5 GB","1.07","1.3986922809854149818420410156"
"Sunday August 15","vse-LeadersCO (e518df4f-a749-4c07-8e0b-5abac75e25c3)-0","1.40","2","HD#1: 0.57 GB, HD#2: 0.5 GB","1.07","1.3989415839314460754394531250"
"Sunday August 15","vse-Delta-Pharma-ESG (0ed9c57a-8bba-4476-b544-4d48226b0897)-0","1.40","2","HD#1: 0.57 GB, HD#2: 0.5 GB","1.07","1.3989916956052184104919433593"
"Sunday August 15","vse-Hefny-Pharma-Edge (cdaefd93-2720-437f-bdd0-a6487e5160a2)-0","1.40","2","HD#1: 0.57 GB, HD#2: 0.5 GB","1.07","1.3986987369135022163391113281"
"Sunday August 15","vse-Family-Corp (fa2e6e64-c575-468a-bf34-a8c1415d3ea5)-0","1.40","2","HD#1: 0.57 GB, HD#2: 0.5 GB","1.07","1.3989969622343778610229492188"
"Sunday August 15","vse-Edge-AlfaMarket-Lan (718d9b5e-62e1-4cd1-9a90-693eae41b6bb)-0","7.16","3","HD#1: 0.57 GB, HD#2: 2 GB, HD#3: 0.5 GB","3.07","7.1585214296355843544006347657"
"Sunday August 15","vse-the-concrete (95a00dfd-3eb6-476f-b8a5-6d3f4b35650f)-0","1.40","2","HD#1: 0.57 GB, HD#2: 0.5 GB","1.07","1.3986958768218755722045898437"
"Sunday August 15","vse-Demo (2a1cd3aa-1b88-4de4-a85d-7c05601d750f)-0","1.40","2","HD#1: 0.57 GB, HD#2: 0.5 GB","1.07","1.3986987061798572540283203125"
"Sunday August 15","vse-El Doha-Edge (c36206fb-388c-4207-94a8-81ada6f158fd)-0","1.40","2","HD#1: 0.57 GB, HD#2: 0.5 GB","1.07","1.3989900546148419380187988281"
"Sunday August 15","vse-Liptis (cc0de151-6dcf-4413-8151-a1b32925ab90)-0","1.40","2","HD#1: 0.57 GB, HD#2: 0.5 GB","1.07","1.3989892983809113502502441407"
"Sunday August 15","vse-Edge-Future-ERP (2171c296-7643-4d4c-90ee-e7c56e7eb668)-0","1.40","2","HD#1: 0.57 GB, HD#2: 0.5 GB","1.07","1.3990347320213913917541503907"
"Sunday August 15","vse-peter-new-tenant (38d400ef-1ca3-438f-b131-738fb4017ff2)-0","1.40","2","HD#1: 0.57 GB, HD#2: 0.5 GB","1.07","1.3986973967403173446655273437"
"Sunday August 15","vse-Family-Edge-PA (4fcca189-f7a0-444f-bade-2471f5bb51ba)-0","7.16","3","HD#1: 0.57 GB, HD#2: 2 GB, HD#3: 0.5 GB","3.07","7.1588056003674864768981933594"
"Sunday August 15","vse-Edge-ABDO (e673e19e-1c38-4c3d-8d92-1954a4a7fbe7)-0","1.40","2","HD#1: 0.57 GB, HD#2: 0.5 GB","1.07","1.3986927829682826995849609374"
"Sunday August 15","vse-venus-group (f62ce961-18dc-4a4f-91c1-8f9d8ac19131)-0","1.40","2","HD#1: 0.57 GB, HD#2: 0.5 GB","1.07","1.3986981231719255447387695312"
"Sunday August 15","vse-elbatal-test (8f5c9001-85bc-40a7-a286-d1e537a89b2e)-0","1.40","2","HD#1: 0.57 GB, HD#2: 0.5 GB","1.07","1.3986965790390968322753906250"
"Sunday August 15","vse-new-eslam (899bd341-ce21-4c6a-953a-1fbefdb22d22)-0","1.40","2","HD#1: 0.57 GB, HD#2: 0.5 GB","1.07","1.3986949501559138298034667968"
"Sunday August 15","vse-solex-edge (fab0b166-093a-431b-bdb0-08bc63a71b24)-0","1.40","2","HD#1: 0.57 GB, HD#2: 0.5 GB","1.07","1.3986978679895401000976562500"
"Sunday August 15","vse-Ahessien-Edge (85eabc8d-9111-4a6c-a374-3ea1f068c3be)-0","1.40","2","HD#1: 0.57 GB, HD#2: 0.5 GB","1.07","1.3986961729824542999267578124"
"Sunday August 15","vse-Egypt-Cables-Edge (fb2efcf5-80ce-4248-bce2-9903891f3a73)-0","1.40","2","HD#1: 0.57 GB, HD#2: 0.5 GB","1.07","1.3990366999059915542602539063"
"Sunday August 15","vse-ioda-edge (1641a623-4b51-46d4-b0c5-643d0d143900)-0","1.40","2","HD#1: 0.57 GB, HD#2: 0.5 GB","1.07","1.3986977012827992439270019531"
"Sunday August 15","vse-ACT-Company (e251c8fb-4dfb-469c-b93f-ef2a8487c5c6)-0","1.40","2","HD#1: 0.57 GB, HD#2: 0.5 GB","1.07","1.3990192571654915809631347657"
"Sunday August 15","vse-RENTEX CARS (4971e2a7-8d66-4cab-8cdd-9d6cefbeaf68)-0","1.40","2","HD#1: 0.57 GB, HD#2: 0.5 GB","1.07","1.3989903284236788749694824219"
"Sunday August 15","vse-Gabr-edg (fa1964f7-de42-4f8c-8edc-93f2db32cc25)-0","1.40","2","HD#1: 0.57 GB, HD#2: 0.5 GB","1.07","1.3990126866847276687622070312"
"Sunday August 15","vse-Hamd (7e683317-9d42-490d-aeaa-917b77577ce6)-0","1.40","2","HD#1: 0.57 GB, HD#2: 0.5 GB","1.07","1.3990379394963383674621582031"
"Sunday August 15","vse-venus-alexandria (f675cded-711e-4a22-bd51-1524a850f661)-0","1.40","2","HD#1: 0.57 GB, HD#2: 0.5 GB","1.07","1.3986962102353572845458984374"
"Sunday August 15","vse-Future-ERP-Edge-New (fd1668ba-fb29-442b-af13-84b259b14191)-0","1.40","2","HD#1: 0.57 GB, HD#2: 0.5 GB","1.07","1.398932047188282012939453125"
"Sunday August 15","vse-Developers-Edg (11641040-df75-423a-8c7d-70cd44f84c78)-0","1.40","2","HD#1: 0.57 GB, HD#2: 0.5 GB","1.07","1.3990079946815967559814453125"
"Sunday August 15","vse-Edge-Reyada-New (4b7fca73-588f-4f03-ae24-0360538272b2)-0","1.40","2","HD#1: 0.57 GB, HD#2: 0.5 GB","1.07","1.3987001664936542510986328125"
"Sunday August 15","vse-kuwait (8589cebd-4ad3-49d7-859a-17cd4189a086)-0","1.07","2","HD#1: 0.57 GB, HD#2: 0.5 GB","1.07","1.5103018060326576232910156250"
"Sunday August 15","vse-karim-test (3b5e3e22-1ab3-4c5b-85ff-e34e3544e466)-0","1.65","2","HD#1: 0.57 GB, HD#2: 0.5 GB","1.07","1.6506471410393714904785156250"
"Sunday August 15","vse-ELbatal (86554aa4-be8b-4aeb-9084-675da6a39c49)-0","1.07","2","HD#1: 0.57 GB, HD#2: 0.5 GB","1.07","1.5103658167645335197448730469"
"Sunday August 15","vse-nada (35b6a75e-6362-4f02-a66b-84221f17b44c)-0","1.40","2","HD#1: 0.57 GB, HD#2: 0.5 GB","1.07","1.3989463094621896743774414062"
"Sunday August 15","MHA-trading-test-lfVV","27.41","1","HD#1: 260 GB","260","276.08885174337774515151977539"
"Sunday August 15","Alfa-DAXAOS-LhCj","90.15","1","HD#1: 300 GB","300","332.11562057957053184509277344"
"Sunday August 15","Developer-VM5-BhRt","40.26","1","HD#1: 256 GB","256","272.08580657001584768295288086"
"Sunday August 15","Developers-VM7-kKia","17.54","1","HD#1: 100 GB","100","108.09361159428954124450683594"
"Sunday August 15","adobe-document-2gal","100.50","1","HD#1: 178 GB","178","202.08568462450057268142700195"
"Sunday August 15","LEADERS-COIN+RETAIL-T2mK","34.78","1","HD#1: 350 GB","350","366.08573539182543754577636719"
"Sunday August 15","ACT-VM-03-igWB","77.57","1","HD#1: 500 GB","500","532.20637279469519853591918945"
"Sunday August 15","Soltech-ksa-NNDM","33.33","1","HD#1: 100 GB","100","108.08164120558649301528930664"
"Sunday August 15","Demo-Ikjw","30.35","1","HD#1: 250 GB","250","266.09611705504357814788818360"
"Sunday August 15","Family-Corp-ERP-DEV-pHPo","98.14","1","HD#1: 300 GB","300","324.10218105092644691467285156"
"Sunday August 15","venus-2-WYQO","15.23","1","HD#1: 300 GB","300","304.08203530684113502502441406"
"Sunday August 15","LedersSTA-SQL01-JuYQ","144.44","1","HD#1: 700 GB","700","764.09476739820092916488647461"
"Sunday August 15","DP-Solman-4AXz","268.73","2","HD#1: 60 GB, HD#2: 714 GB","774","822.0940977260470390319824219"
"Sunday August 15","Leaders-FUTUREN-ELXx","27.80","1","HD#1: 200 GB","200","216.08312271721661090850830078"
"Sunday August 15","ELDoha-2eTo","34.15","1","HD#1: 180 GB","180","207.42201398964971303939819336"
"Sunday August 15","Alfa-SQL-Server-qecU","516.10","2","HD#1: 400 GB, HD#2: 100 GB","500","516.10274265334010124206542969"
"Sunday August 15","DP-Jump-Machine-LYHf","155.62","2","HD#1: 100 GB, HD#2: 300 GB","400","408.08919061813503503799438477"
"Sunday August 15","jump-solex","82.85","1","HD#1: 200 GB","200","208.08622237108647823333740234"
"Sunday August 15","Esxi-02-2m2u","1.38","2","HD#1: 80 GB, HD#2: 420 GB","500","525.20801968220621347427368164"
"Sunday August 15","venus-1-j62Y","24.99","1","HD#1: 300 GB","300","308.08516922313719987869262696"
"Sunday August 15","Hamd-RootCA-M8aT","41.26","2","HD#1: 80 GB, HD#2: 420 GB","500","516.08632462657988071441650391"
"Sunday August 15","Developer-VM4-4Uso","20.03","1","HD#1: 160 GB","160","168.08561737928539514541625977"
"Sunday August 15","DP-S4H-APP-QAS-PRxw","422.51","2","HD#1: 60 GB, HD#2: 815 GB","875","1075.1021830914542078971862793"
"Sunday August 15","Family-Corp-ERP-QAS-jG26","35.99","2","HD#1: 100 GB, HD#2: 74 GB","174","198.08672887366265058517456055"
"Sunday August 15","Esxi-01-Bgfe","36.25","2","HD#1: 80 GB, HD#2: 420 GB","500","525.20832224655896425247192383"
"Sunday August 15","Gabr-VM-OhJC","91.41","1","HD#1: 200 GB","200","216.08539977390319108963012695"
"Sunday August 15","vcenter1-qSqL","128.00","1","HD#1: 128 GB","128","132.19311180151998996734619140"
"Sunday August 15","Leaders-STA-8-0mRF","26.70","1","HD#1: 200 GB","200","216.08314221445471048355102539"
"Sunday August 15","Liptis-Windows-7oXx","200.38","1","HD#1: 300 GB","300","324.09820736013352870941162109"
"Sunday August 15","Family-Corp-RDP-7wzY","191.94","2","HD#1: 80 GB, HD#2: 200 GB","280","302.80459770094603300094604492"
"Sunday August 15","Alfa-DAXDB-7Qts","831.51","1","HD#1: 1250 GB","1250","1619.0363404024392366409301758"
"Sunday August 15","ACT-01-cFSc","463.22","2","HD#1: 100 GB, HD#2: 400 GB","500","532.20936322398483753204345703"
"Sunday August 15","machine1-kuet","257.00","1","HD#1: 250 GB","250","258.08381665032356977462768555"
"Sunday August 15","Family-Odoo-Mfv6","27.76","1","HD#1: 100 GB","100","108.08577327057719230651855469"
"Sunday August 15","FEM-001-SbZt","38.78","1","HD#1: 40 GB","40","50.195062597282230854034423828"
"Sunday August 15","IscsiStorage-FACr","2128.00","2","HD#1: 80 GB, HD#2: 2048 GB","2128","2133.1972258370369672775268555"
"Sunday August 15","Alfa-Test-uCQi","18.68","1","HD#1: 80 GB","80","93.88975360710173845291137695"
"Sunday August 15","Egypt-Cables-5001-sRfn","44.59","1","HD#1: 340 GB","340","372.09368256572633981704711914"
"Sunday August 15","LEADERS-DB FUTURERS+FUTURAHK-Bqjv","52.82","1","HD#1: 400 GB","400","432.08590706437826156616210937"
"Sunday August 15","Family-Corp-HANA-QAS-Q6kF","649.08","2","HD#1: 100 GB, HD#2: 590 GB","690","970.1101653119549155235290527"
"Sunday August 15","ACT-VM-04-h3lb","11.57","1","HD#1: 500 GB","500","532.20557711552828550338745117"
"Sunday August 15","Future-ERP-System-5Phq-r3lw","521.41","3","HD#1: 380 GB, HD#2: 120 GB, HD#3: 380 GB","880","896.2075811205431818962097168"
"Sunday August 15","Developer-VM3-9Ioi","68.54","1","HD#1: 160 GB","160","168.09467710182070732116699219"
"Sunday August 15","Copy-El-Reyada-VM-EcJu","1078.05","1","HD#1: 1024 GB","1024","2060.9040522761642932891845703"
"Sunday August 15","Axapta-DB-IGI-9LD9","202.09","2","HD#1: 100 GB, HD#2: 100 GB","200","202.08533515315502882003784180"
"Sunday August 15","Family-Corp-SAP-Router-Vtvz","29.08","1","HD#1: 25 GB","25","29.081360251642763614654541016"
"Sunday August 15","NFS-Shared-eg7E","987.93","2","HD#1: 60 GB, HD#2: 1024 GB","1084","1088.0800942182540893554687500"
"Sunday August 15","Family-Web -dispatcher-OoDw","9.04","1","HD#1: 25 GB","25","29.081192446872591972351074218"
"Sunday August 15","LEADERS-SUNRISE-QrlC","53.29","1","HD#1: 500 GB","500","516.08707516081631183624267578"
"Sunday August 15","concrete-2-i4LC","30.96","1","HD#1: 150 GB","150","166.08471344318240880966186523"
"Sunday August 15","IGI-Axapta-APP-yIZe","112.15","1","HD#1: 110 GB","110","112.14514337480068206787109375"
"Sunday August 15","Family-Corp-HANA-DEV-jnC6","872.54","1","HD#1: 1500 GB","1500","1756.1419793479144573211669922"
"Sunday August 15","SAP-ROUTER-vyos","8.17","2","HD#1: 40 GB, HD#2: 40 GB","80","84.07989544700831174850463867"
"Sunday August 15","ser19-DbcF","76.96","1","HD#1: 600 GB","600","608.08768208976835012435913086"
"Sunday August 15","DP-S4H-APP-PRD-RgdR","57.99","2","HD#1: 60 GB, HD#2: 246 GB","306","338.08632165193557739257812500"
"Sunday August 15","ACT-VM-02-MAgt","102.48","1","HD#1: 500 GB","500","532.21369773335754871368408203"
"Sunday August 15","machine2-NyKd","93.33","1","HD#1: 250 GB","250","258.08195535745471715927124024"
"Sunday August 15","PRO_ODOOOVF-rUDa","516.09","1","HD#1: 500 GB","500","516.09370724670588970184326172"
"Sunday August 15","4Am-DAXRDS-yhsv-Copy-10GU","106.40","1","HD#1: 250 GB","250","368.06718275230377912521362305"
"Sunday August 15","Elbatal-VM-HeOb","88.41","1","HD#1: 180 GB","180","258.33795403968542814254760742"
"Sunday August 15","ADC-fpzQ","8.93","1","HD#1: 40 GB","40","44.192550037987530231475830078"
"Sunday August 15","Alfa-DAXRDS-zvo6","96.39","1","HD#1: 250 GB","250","368.06642091087996959686279297"
"Sunday August 15","DP-Business-Int-h9iA","110.86","2","HD#1: 214 GB, HD#2: 250 GB","464","496.09155724942684173583984375"
"Sunday August 15","Solex-wJZl","673.78","2","HD#1: 200 GB, HD#2: 1049 GB","1249","1549.1243233084678649902343750"
"Sunday August 15","ACt-VM-05-WlaE","41.07","1","HD#1: 500 GB","500","532.20548203960061073303222656"
"Sunday August 15","Future-ERP-01-mj5z","14.27","3","HD#1: 120 GB, HD#2: 380 GB, HD#3: 380 GB","880","896.1983711887151002883911133"
"Sunday August 15","Rentex-VM-B4AZ","38.57","1","HD#1: 1024 GB","1024","1088.2062260108068585395812988"
"Sunday August 15","GlobalTech-Ubu-SAVs","34.73","1","HD#1: 400 GB","400","408.08580850623548030853271484"
"Sunday August 15","DP-S4H-DB-PRD-6x2M","561.14","2","HD#1: 60 GB, HD#2: 918 GB","978","1298.1260500997304916381835938"
"Sunday August 15","Alfa-Test 10 Days-16Sk","245.46","1","HD#1: 400 GB","400","416.08805801626294851303100586"
"Sunday August 15","DP-HANA-Cockpit-6lDc","88.30","2","HD#1: 60 GB, HD#2: 52 GB","112","144.08633943833410739898681640"
"Sunday August 15","DP-S4H-APP-DEV-IWVB","388.15","2","HD#1: 60 GB, HD#2: 815 GB","875","1003.1021151170134544372558594"
"Sunday August 15","Concrete-1-kweI","37.15","1","HD#1: 150 GB","150","166.08888315595686435699462890"
"Sunday August 15","venus-Database-KNXi","240.42","2","HD#1: 100 GB, HD#2: 300 GB","400","406.08206394780427217483520508"
"Sunday August 15","solex-S4-HANA-R5OJ","816.09","2","HD#1: 200 GB, HD#2: 774 GB","974","1274.1091565927490592002868652"
"Sunday August 15","Alfa-DAXEP-O9sY","60.71","1","HD#1: 250 GB","250","266.10506614763289690017700195"
"Sunday August 15","Alfa-DAXRPT-bA5n","361.26","1","HD#1: 650 GB","650","845.4911843826994299888610840"
"Sunday August 15","mailbox server-01-F4Ms","44.29","1","HD#1: 60 GB","60","70.198109559714794158935546875"
"Sunday August 15","Alfa-DAXRT-Yqno","64.06","1","HD#1: 250 GB","250","266.10484663490206003189086914"
"Sunday August 15","Esxi-03-yAu6","1.15","2","HD#1: 80 GB, HD#2: 420 GB","500","508.20807599835097789764404297"
"Sunday August 15","Client-7ug4","19.50","1","HD#1: 40 GB","40","44.194856325164437294006347656"
"Sunday August 15","CRM-siko","116.60","1","HD#1: 340 GB","340","485.32527717016637325286865234"
"Sunday August 15","Alfa-Backup-us3m","1636.43","2","HD#1: 80 GB, HD#2: 2048 GB","2128","2141.8998446585610508918762207"
"Sunday August 15","dns&veam&stoage-q5zH","158.61","2","HD#1: 300 GB, HD#2: 350 GB","650","666.19837567303329706192016602"
"Sunday August 15","Alfa-ADD-ySut","28.27","1","HD#1: 300 GB","300","308.09748644847422838211059570"
"Sunday August 15","Alfa-DAXAOSB-YyLF","56.75","1","HD#1: 250 GB","250","266.12393017299473285675048828"
"Sunday August 15","hefny-pharma-5l7S","322.30","1","HD#1: 500 GB","500","710.48354156035929918289184570"
"Sunday August 15","venus-app-twM3","81.24","2","HD#1: 100 GB, HD#2: 100 GB","200","210.08971593063324689865112305"
"Sunday August 15","Hamd-HAProxy-1UmZ","18.48","1","HD#1: 128 GB","128","140.08580935746431350708007812"
"Sunday August 15","Copy-Developer-VM1-rxGz-Njvp","171.51","1","HD#1: 260 GB","260","276.09032512083649635314941406"
"Sunday August 15","windows-2016-JY8V","15.99","1","HD#1: 100 GB","100","108.19749822095036506652832031"
"Sunday August 15","Developer-VM2-Ddj3","328.36","2","HD#1: 400 GB, HD#2: 100 GB","500","508.09138212073594331741333008"
"Sunday August 15","front-end-01-p8aV","0.00","1","HD#1: 160 GB","160","170.19582459144294261932373047"
"Sunday August 15","solex-solman7-2-NzAy","640.26","1","HD#1: 600 GB","600","728.10930029023438692092895507"
"Sunday August 15","HAProxy-PvxS","25.80","1","HD#1: 300 GB","300","316.08673055656254291534423828"
"Sunday August 15","WPEU1MB9001-cfmy","14.60","1","HD#1: 100 GB","100","108.20925610326230525970458985"
"Sunday August 15","WPEU1DCPOOL-kx0o","16.00","1","HD#1: 100 GB","100","102.20880057476460933685302735"
"Sunday August 15","WPEU1DCM101-sEHM","18.60","1","HD#1: 100 GB","100","102.20881232526153326034545899"
